row_id,date,actual,social_distancing,current,new,returning,current_r,new_r,returning_r,current_log,new_linear,return_log
1,1/1/2020,40334,40301,35156,985,4164,0.907355786,0.449746193,0.518011527,31101.87963,934.9766729,3172.308636
2,1/2/2020,39033,38994,33992,973,4032,0.920834314,0.469681398,0.532986111,31145.23109,926.4587454,3232.581466
3,1/3/2020,39420,39381,34330,954,4104,0.915001456,0.472746331,0.541666667,32222.06303,1142.403475,3962.487418
4,1/4/2020,40297,40269,34980,1034,4261,0.910005718,0.427466151,0.53226942,34227.78164,1546.824672,5258.808189
5,1/5/2020,40518,40487,35397,986,4112,0.904963697,0.411764706,0.5,35096.67952,1353.454106,4794.453279
6,1/6/2020,36286,36257,32093,801,3365,0.923441249,0.438202247,0.512332838,31994.06129,997.3338576,3368.969545
7,1/7/2020,34824,34791,31037,708,3049,0.931823308,0.466101695,0.535585438,31640.73762,957.1127606,3206.764534
8,1/8/2020,34238,34209,30676,716,2820,0.931705568,0.441340782,0.526241135,31101.87963,934.9766729,3172.308636
9,1/9/2020,34074,34043,30549,676,2820,0.931519853,0.440828402,0.536524823,31145.23109,926.4587454,3232.581466
10,1/10/2020,35480,35449,31212,804,3435,0.93287838,0.504975124,0.519650655,32222.06303,1142.403475,3962.487418
11,1/11/2020,39361,39336,33727,1136,4477,0.917336259,0.402288732,0.505695778,34227.78164,1546.824672,5258.808189
12,1/12/2020,39424,39399,34230,952,4221,0.909932807,0.408613445,0.474295191,35096.67952,1353.454106,4794.453279
13,1/13/2020,33765,33736,30166,723,2848,0.933401843,0.514522822,0.519311798,31994.06129,997.3338576,3368.969545
14,1/14/2020,33839,33813,30142,679,2995,0.933149758,0.459499264,0.501836394,31640.73762,957.1127606,3206.764534
15,1/15/2020,33418,33390,29926,687,2781,0.935507585,0.441048035,0.531103919,31101.87963,934.9766729,3172.308636
16,1/16/2020,33945,33915,30250,765,2904,0.928132231,0.477124183,0.517217631,31145.23109,926.4587454,3232.581466
17,1/17/2020,34896,34867,30592,832,3447,0.928249215,0.486778846,0.515230635,32222.06303,1142.403475,3962.487418
18,1/18/2020,38408,38386,32554,1213,4623,0.916968729,0.440230833,0.514600909,34227.78164,1546.824672,5258.808189
19,1/19/2020,39159,39139,33494,1039,4608,0.910521287,0.427333975,0.473741319,35096.67952,1353.454106,4794.453279
20,1/20/2020,37454,37407,32466,981,3963,0.90827327,0.406727829,0.467827403,31994.06129,997.3338576,3368.969545
21,1/21/2020,32219,32181,28827,683,2671,0.933430464,0.475841874,0.489704231,31640.73762,957.1127606,3206.764534
22,1/22/2020,32203,32174,28841,697,2638,0.935612496,0.464849354,0.522744503,31101.87963,934.9766729,3172.308636
23,1/23/2020,31671,31641,28388,713,2540,0.935571368,0.469845722,0.523622047,31145.23109,926.4587454,3232.581466
24,1/24/2020,33431,33400,29669,805,2929,0.926286697,0.428571429,0.507340389,32222.06303,1142.403475,3962.487418
25,1/25/2020,37018,36995,31622,1041,4335,0.916798431,0.449567723,0.499423299,34227.78164,1546.824672,5258.808189
26,1/26/2020,37523,37499,32407,960,4136,0.90764341,0.404166667,0.473162476,35096.67952,1353.454106,4794.453279
27,1/27/2020,32454,32423,28960,714,2752,0.927002762,0.449579832,0.494549419,31994.06129,997.3338576,3368.969545
28,1/28/2020,31025,31000,27804,648,2550,0.933498777,0.476851852,0.514901961,31640.73762,957.1127606,3206.764534
29,1/29/2020,30857,30833,27575,634,2627,0.933454216,0.490536278,0.525314046,31101.87963,934.9766729,3172.308636
30,1/30/2020,30911,30882,27603,675,2609,0.931674093,0.457777778,0.502874665,31145.23109,926.4587454,3232.581466
31,1/31/2020,32365,32343,28270,889,3187,0.93063318,0.434195726,0.518355821,32222.06303,1142.403475,3962.487418
32,2/1/2020,35693,35677,30310,1046,4323,0.916628176,0.421606119,0.480222068,30442.46471,1214.811879,4871.808416
33,2/2/2020,35541,35522,30466,993,4067,0.909965207,0.387713998,0.474797148,31311.3626,1021.441312,4407.453506
34,2/3/2020,30767,30745,27421,693,2633,0.934211006,0.448773449,0.53057349,28208.74437,665.3210641,2981.969771
35,2/4/2020,30608,30580,27268,747,2570,0.935382133,0.46184739,0.524513619,27855.4207,625.0999671,2819.764761
36,2/5/2020,30463,30438,27043,666,2730,0.937063196,0.444444444,0.53040293,27316.5627,602.9638794,2785.308862
37,2/6/2020,31117,31082,27448,698,2939,0.932636258,0.419770774,0.518543722,27359.91417,594.4459519,2845.581692
38,2/7/2020,33060,33029,28460,890,3681,0.928390724,0.421348315,0.516164086,28436.74611,810.390681,3575.487645
39,2/8/2020,36109,36088,30185,1165,4743,0.91601789,0.416309013,0.500316256,30442.46471,1214.811879,4871.808416
40,2/9/2020,36532,36505,31192,1011,4308,0.908726597,0.391691395,0.467270195,31311.3626,1021.441312,4407.453506
41,2/10/2020,31679,31647,28208,689,2753,0.930161656,0.447024673,0.514347984,28208.74437,665.3210641,2981.969771
42,2/11/2020,31045,31014,27713,724,2579,0.93075452,0.436464088,0.510275301,27855.4207,625.0999671,2819.764761
43,2/12/2020,29771,29740,26573,683,2486,0.939073496,0.496339678,0.504424779,27316.5627,602.9638794,2785.308862
44,2/13/2020,31071,31035,27415,702,2920,0.933941273,0.468660969,0.524657534,27359.91417,594.4459519,2845.581692
45,2/14/2020,32255,32226,28032,860,3339,0.934182363,0.43255814,0.525606469,28436.74611,810.390681,3575.487645
46,2/15/2020,35965,35945,30355,1076,4520,0.92370285,0.423791822,0.518362832,30442.46471,1214.811879,4871.808416
47,2/16/2020,37182,37164,31452,1163,4555,0.917334351,0.411006019,0.500768386,31311.3626,1021.441312,4407.453506
48,2/17/2020,35885,35863,30897,1069,3901,0.916334919,0.418147802,0.499871828,28208.74437,665.3210641,2981.969771
49,2/18/2020,32707,32674,28901,873,2904,0.927718764,0.442153494,0.511363636,27855.4207,625.0999671,2819.764761
50,2/19/2020,31709,31676,28218,805,2656,0.930328159,0.396273292,0.512048193,27316.5627,602.9638794,2785.308862
51,2/20/2020,31874,31827,28008,939,2884,0.926163953,0.45686901,0.504507628,27359.91417,594.4459519,2845.581692
52,2/21/2020,32811,32775,28611,878,3293,0.92097445,0.449886105,0.497722442,28436.74611,810.390681,3575.487645
53,2/22/2020,34922,34889,29858,1022,4017,0.915064639,0.413894325,0.492656211,30442.46471,1214.811879,4871.808416
54,2/23/2020,35147,35115,30526,912,3685,0.908799057,0.413377193,0.470284939,31311.3626,1021.441312,4407.453506
55,2/24/2020,31005,30970,27581,676,2717,0.927051231,0.455621302,0.508649245,28208.74437,665.3210641,2981.969771
56,2/25/2020,30601,30562,27296,685,2586,0.930978898,0.398540146,0.509280742,27855.4207,625.0999671,2819.764761
57,2/26/2020,29903,29866,26572,651,2650,0.93067891,0.457757296,0.516226415,27316.5627,602.9638794,2785.308862
58,2/27/2020,30239,30205,26744,678,2790,0.934489979,0.460176991,0.516845878,27359.91417,594.4459519,2845.581692
59,2/28/2020,31354,31323,27319,730,3281,0.927083715,0.467123288,0.520268211,28436.74611,810.390681,3575.487645
60,2/29/2020,34449,34423,29122,984,4325,0.915424765,0.429878049,0.500578035,30442.46471,1214.811879,4871.808416
61,3/1/2020,34907,34881,29875,876,4136,0.91009205,0.393835616,0.49032882,30548.34187,998.8796274,4461.572432
62,3/2/2020,30299,30270,26978,628,2669,0.931092001,0.452229299,0.510678157,27445.72364,642.7593792,3036.088698
63,3/3/2020,30491,30456,27141,592,2729,0.928926716,0.469594595,0.52510077,27092.39997,602.5382822,2873.883687
64,3/4/2020,29550,29517,26347,571,2606,0.933616731,0.441330998,0.523791251,26553.54197,580.4021945,2839.427789
65,3/5/2020,29862,29825,26497,641,2694,0.933841567,0.422776911,0.49925761,26596.89344,571.884267,2899.700619
66,3/6/2020,30982,30948,27038,695,3221,0.933242104,0.404316547,0.528096864,27673.72538,787.8289961,3629.606572
67,3/7/2020,34195,34169,28749,1034,4390,0.921458138,0.435203095,0.528473804,29679.44398,1192.250194,4925.927342
68,3/8/2020,33971,33948,29238,827,3891,0.923558383,0.440145103,0.536108969,30548.34187,998.8796274,4461.572432
69,3/9/2020,30656,30613,27156,680,2782,0.940933864,0.469117647,0.59705248,27445.72364,642.7593792,3036.088698
70,3/10/2020,31322,31289,27593,668,3030,0.941072011,0.468562874,0.571617162,27092.39997,602.5382822,2873.883687
71,3/11/2020,31172,31140,27357,701,3082,0.946083269,0.486447932,0.599286178,26553.54197,580.4021945,2839.427789
72,3/12/2020,33024,32986,28556,836,3600,0.93927721,0.461722488,0.597222222,26596.89344,571.884267,2899.700619
73,3/13/2020,35840,35811,29958,1141,4720,0.937111957,0.465381245,0.597033898,27673.72538,787.8289961,3629.606572
74,3/14/2020,39938,39910,32364,1472,6079,0.936565319,0.479619565,0.620661293,29679.44398,1192.250194,4925.927342
75,3/15/2020,42442,42420,34747,1618,6057,0.934267707,0.469097651,0.620274063,30548.34187,998.8796274,4461.572432
76,3/16/2020,43842,43815,35876,1752,6190,0.936224774,0.473744292,0.617770598,27445.72364,642.7593792,3036.088698
77,3/17/2020,46298,46267,38020,1967,6282,0.933193056,0.46975089,0.622572429,27092.39997,602.5382822,2873.883687
78,3/18/2020,47745,47705,39673,2061,5977,0.933531621,0.458030082,0.628408901,26553.54197,580.4021945,2839.427789
79,3/19/2020,50227,50188,41950,2185,6059,0.926746126,0.432494279,0.594322495,26596.89344,571.884267,2899.700619
80,3/20/2020,51109,51070,42963,2110,6005,0.927728511,0.452132701,0.598501249,27673.72538,787.8289961,3629.606572
81,3/21/2020,52154,52124,44002,2196,5930,0.929162311,0.444444444,0.59005059,29679.44398,1192.250194,4925.927342
82,3/22/2020,54180,54149,45897,2158,6101,0.92439593,0.476367006,0.585149975,30548.34187,998.8796274,4461.572432
83,3/23/2020,54242,54180,45953,2477,5757,0.927708746,0.473153008,0.569567483,27445.72364,642.7593792,3036.088698
84,3/24/2020,54936,54888,46760,2440,5693,0.926668092,0.462295082,0.587563675,27092.39997,602.5382822,2873.883687
85,3/25/2020,55505,55456,47505,2463,5495,0.925944637,0.473812424,0.583075523,26553.54197,580.4021945,2839.427789
86,3/26/2020,56473,56430,48497,2312,5621,0.925459307,0.484429066,0.54563245,26596.89344,571.884267,2899.700619
87,3/27/2020,56668,56622,48960,2244,5423,0.926572712,0.462566845,0.555043334,27673.72538,787.8289961,3629.606572
88,3/28/2020,58826,58766,50247,2327,6196,0.926702092,0.458530297,0.551000646,29679.44398,1192.250194,4925.927342
89,3/29/2020,58443,58351,50652,2194,5510,0.920299297,0.438012762,0.54646098,30548.34187,998.8796274,4461.572432
90,3/30/2020,56771,56736,49293,2273,5175,0.928914856,0.468103828,0.571980676,27445.72364,642.7593792,3036.088698
91,3/31/2020,57695,57661,49945,2369,5354,0.929762739,0.467707894,0.573776616,27092.39997,602.5382822,2873.883687
92,4/1/2020,58033,57988,50248,2287,5459,0.931957491,0.460865763,0.583073823,27639.65453,441.7039919,2860.280384
93,4/2/2020,59801,59758,51552,2490,5719,0.930206394,0.482730924,0.584193041,27683.006,433.1860644,2920.553214
94,4/3/2020,61283,61246,52993,2380,5879,0.932462778,0.490756303,0.601803028,28759.83794,649.1307935,3650.459167
95,4/4/2020,63546,63516,54838,2424,6261,0.931452642,0.49009901,0.589362722,30765.55655,1053.551991,4946.779938
96,4/5/2020,64027,63984,55692,2439,5858,0.932180565,0.466174662,0.57715944,31634.45443,860.1814248,4482.425028
97,4/6/2020,63519,63479,55456,2355,5672,0.934434507,0.4492569,0.577221439,28531.8362,504.0611766,3056.941293
98,4/7/2020,63629,63593,55660,2396,5543,0.934908372,0.458681135,0.548800289,28178.51253,463.8400796,2894.736282
99,4/8/2020,63132,63097,55555,2213,5335,0.935163352,0.462720289,0.571508903,27639.65453,441.7039919,2860.280384
100,4/9/2020,64852,64815,56961,2320,5540,0.933954811,0.455603448,0.56101083,27683.006,433.1860644,2920.553214
101,4/10/2020,66392,66361,58247,2328,5791,0.930846224,0.453178694,0.571921948,28759.83794,649.1307935,3650.459167
102,4/11/2020,66572,66544,58724,2206,5619,0.930215925,0.446962829,0.559886101,30765.55655,1053.551991,4946.779938
103,4/12/2020,67346,67306,59446,2171,5695,0.928287858,0.45508982,0.549253731,31634.45443,860.1814248,4482.425028
104,4/13/2020,65651,65608,58411,2076,5125,0.931571108,0.450385356,0.542439024,28531.8362,504.0611766,3056.941293
105,4/14/2020,64205,64151,57228,2050,4879,0.931991333,0.456097561,0.567534331,28178.51253,463.8400796,2894.736282
106,4/15/2020,63976,63942,57026,2060,4862,0.932504472,0.490776699,0.569107363,27639.65453,441.7039919,2860.280384
107,4/16/2020,64368,64329,57305,2036,4997,0.932937789,0.471021611,0.546928157,27683.006,433.1860644,2920.553214
108,4/17/2020,65320,65288,57865,2176,5253,0.92995766,0.443474265,0.543879688,28759.83794,649.1307935,3650.459167
109,4/18/2020,65536,65506,58034,1996,5481,0.93071303,0.4498998,0.528005838,30765.55655,1053.551991,4946.779938
110,4/19/2020,64613,64585,57716,1916,4958,0.928338762,0.446242171,0.532674466,31634.45443,860.1814248,4482.425028
111,4/20/2020,63308,63278,56533,1970,4776,0.934976032,0.440101523,0.533710218,28531.8362,504.0611766,3056.941293
112,4/21/2020,64165,64123,57282,1875,4971,0.930920708,0.452266667,0.533494267,28178.51253,463.8400796,2894.736282
113,4/22/2020,63746,63698,56781,1864,5061,0.937602367,0.474785408,0.552262399,27639.65453,441.7039919,2860.280384
114,4/23/2020,64084,64043,57162,1909,4976,0.934484448,0.442116291,0.547025723,27683.006,433.1860644,2920.553214
115,4/24/2020,63610,63564,56714,1881,4978,0.937634447,0.459330144,0.543993572,28759.83794,649.1307935,3650.459167
116,4/25/2020,64882,64840,57557,1897,5397,0.932345327,0.470216131,0.55178803,30765.55655,1053.551991,4946.779938
117,4/26/2020,64964,64930,58102,1804,5032,0.929365598,0.470620843,0.534379968,31634.45443,860.1814248,4482.425028
118,4/27/2020,62993,62954,56502,1787,4673,0.932728045,0.460548405,0.529424353,28531.8362,504.0611766,3056.941293
119,4/28/2020,62888,62849,56376,1837,4642,0.933837094,0.452367991,0.551701853,28178.51253,463.8400796,2894.736282
120,4/29/2020,62696,62663,56228,1903,4540,0.931866686,0.477666842,0.533259912,27639.65453,441.7039919,2860.280384
121,4/30/2020,62112,62066,55758,1685,4630,0.932870619,0.470623145,0.523326134,27683.006,433.1860644,2920.553214
122,5/1/2020,61702,61660,55316,1719,4633,0.936022127,0.442699244,0.561407295,28204.6432,707.9447885,3625.483579
123,5/2/2020,61599,61574,55022,1673,4883,0.93478972,0.447698745,0.553143559,30210.36181,1112.365986,4921.80435
124,5/3/2020,61772,61744,55399,1626,4720,0.934114334,0.477859779,0.538983051,31079.25969,918.9954197,4457.44944
125,5/4/2020,60948,60913,54848,1558,4512,0.938557468,0.490372272,0.539450355,27976.64146,562.8751715,3031.965706
126,5/5/2020,61602,61562,55318,1699,4551,0.93830218,0.475573867,0.562294001,27623.31779,522.6540746,2869.760695
127,5/6/2020,61311,61275,55054,1793,4432,0.937098122,0.468488567,0.554151625,27084.45979,500.5179869,2835.304797
128,5/7/2020,60535,60490,54519,1679,4296,0.942790587,0.468731388,0.555865922,27127.81126,492.0000594,2895.577627
129,5/8/2020,62915,62873,56132,1748,5001,0.939909499,0.4902746,0.566086783,28204.6432,707.9447885,3625.483579
130,5/9/2020,62412,62378,55900,1604,4884,0.936261181,0.471945137,0.542997543,30210.36181,1112.365986,4921.80435
131,5/10/2020,61900,61866,55632,1562,4672,0.937464049,0.514724712,0.523972603,31079.25969,918.9954197,4457.44944
132,5/11/2020,63218,63170,56489,1726,4961,0.936129158,0.481460023,0.547873413,27976.64146,562.8751715,3031.965706
133,5/12/2020,62541,62486,55954,1753,4788,0.936537156,0.494010268,0.539891395,27623.31779,522.6540746,2869.760695
134,5/13/2020,62022,61961,55651,1763,4552,0.933280624,0.464549064,0.531195079,27084.45979,500.5179869,2835.304797
135,5/14/2020,61855,61809,55475,1727,4617,0.931050023,0.448176028,0.539311241,27127.81126,492.0000594,2895.577627
136,5/15/2020,59470,59421,53464,1629,4338,0.936592848,0.492326581,0.549100968,28204.6432,707.9447885,3625.483579
137,5/16/2020,59955,59926,53609,1568,4756,0.934171501,0.489158163,0.558873003,30210.36181,1112.365986,4921.80435
138,5/17/2020,60606,60558,54478,1430,4656,0.932670069,0.475524476,0.54145189,31079.25969,918.9954197,4457.44944
139,5/18/2020,60396,60350,54427,1452,4478,0.932827457,0.473140496,0.557168379,27976.64146,562.8751715,3031.965706
140,5/19/2020,59591,59553,53713,1522,4325,0.933889375,0.467805519,0.522312139,27623.31779,522.6540746,2869.760695
141,5/20/2020,58565,58526,52757,1463,4312,0.933544364,0.476418319,0.544526902,27084.45979,500.5179869,2835.304797
142,5/21/2020,58677,58625,52745,1537,4351,0.933529244,0.471047495,0.543783038,27127.81126,492.0000594,2895.577627
143,5/22/2020,57829,57786,52114,1321,4360,0.935199754,0.436033308,0.55412844,28204.6432,707.9447885,3625.483579
144,5/23/2020,58525,58484,52421,1342,4729,0.935274031,0.515648286,0.529921759,30210.36181,1112.365986,4921.80435
145,5/24/2020,58287,58254,52330,1317,4613,0.931683547,0.441154138,0.528072838,31079.25969,918.9954197,4457.44944
146,5/25/2020,59439,59407,53348,1461,4604,0.928076029,0.437371663,0.513466551,27976.64146,562.8751715,3031.965706
147,5/26/2020,58094,58047,52321,1361,4375,0.928078592,0.47244673,0.515885714,27623.31779,522.6540746,2869.760695
148,5/27/2020,56807,56769,51171,1330,4276,0.93494362,0.430827068,0.522217025,27084.45979,500.5179869,2835.304797
149,5/28/2020,57224,57186,51399,1317,4478,0.932702971,0.447987851,0.532603841,27127.81126,492.0000594,2895.577627
150,5/29/2020,55773,55739,50205,1298,4242,0.932875212,0.412172573,0.519094767,28204.6432,707.9447885,3625.483579
151,5/30/2020,54597,54564,49211,1180,4185,0.936944992,0.43559322,0.517801673,30210.36181,1112.365986,4921.80435
152,5/31/2020,54809,54780,49442,1125,4223,0.934023705,0.424888889,0.522614255,31079.25969,918.9954197,4457.44944
153,6/1/2020,55427,55387,49954,1171,4272,0.935240421,0.481639624,0.544241573,32912.56113,943.568445,3627.966798
154,6/2/2020,55525,55484,49851,1233,4410,0.933882971,0.450121655,0.536281179,32559.23745,903.347348,3465.761788
155,6/3/2020,54810,54766,49230,1232,4317,0.935222425,0.45211039,0.54343294,32020.37946,881.2112603,3431.305889
156,6/4/2020,54175,54132,48762,1184,4196,0.935708133,0.491554054,0.543612965,32063.73093,872.6933328,3491.578719
157,6/5/2020,53926,53896,48537,1168,4195,0.936728681,0.471746575,0.54398093,33140.56286,1088.638062,4221.484672
158,6/6/2020,54076,54048,48133,1216,4705,0.935512019,0.457236842,0.540701382,35146.28147,1493.05926,5517.805443
159,6/7/2020,55135,55103,49353,1153,4605,0.932628209,0.464874241,0.530076004,36015.17935,1299.688693,5053.450533
160,6/8/2020,54488,54451,49095,1161,4201,0.934270292,0.440999139,0.521066413,32912.56113,943.568445,3627.966798
161,6/9/2020,54041,54007,48638,1216,4160,0.934536782,0.432565789,0.531009615,32559.23745,903.347348,3465.761788
162,6/10/2020,53521,53486,48167,1158,4167,0.932111196,0.461139896,0.528677706,32020.37946,881.2112603,3431.305889
163,6/11/2020,52844,52813,47632,1151,4035,0.932587336,0.475238923,0.520446097,32063.73093,872.6933328,3491.578719
164,6/12/2020,51808,51776,46615,1150,4015,0.936501126,0.434782609,0.525031133,33140.56286,1088.638062,4221.484672
165,6/13/2020,51229,51200,45871,1130,4207,0.933312986,0.439823009,0.520798669,35146.28147,1493.05926,5517.805443
166,6/14/2020,52196,52636,46774,1143,4228,0.931970753,0.491688539,0.513481552,36015.17935,1299.688693,5053.450533
167,6/15/2020,51716,51583,46286,1211,4157,0.934969537,0.477291495,0.533557854,32912.56113,943.568445,3627.966798
168,6/16/2020,52276,51011,46535,1334,4365,0.929558397,0.428785607,0.535166094,32559.23745,903.347348,3465.761788
169,6/17/2020,50250,50454,45306,1122,3798,0.935880457,0.475044563,0.531858873,32020.37946,881.2112603,3431.305889
170,6/18/2020,50333,49910,45197,1122,3981,0.932716773,0.438502674,0.513187641,32063.73093,872.6933328,3491.578719
171,6/19/2020,50631,49623,45286,1102,4207,0.930199179,0.43738657,0.520798669,33140.56286,1088.638062,4221.484672
172,6/20/2020,50076,50974,44421,1165,4461,0.932261768,0.450643777,0.505492042,35146.28147,1493.05926,5517.805443
173,6/21/2020,50828,50869,45281,1157,4372,0.924979572,0.445980985,0.497255261,36015.17935,1299.688693,5053.450533
174,6/22/2020,50610,49624,45063,1233,4284,0.928011894,0.481751825,0.522408964,32912.56113,943.568445,3627.966798
175,6/23/2020,49898,49009,44679,1145,4047,0.927281273,0.465502183,0.51025451,32559.23745,903.347348,3465.761788
176,6/24/2020,49055,48412,43839,1212,3974,0.935171879,0.435643564,0.546804227,32020.37946,881.2112603,3431.305889
177,6/25/2020,48826,47830,43718,1118,3963,0.932361956,0.465116279,0.529649256,32063.73093,872.6933328,3491.578719
178,6/26/2020,48193,47826,43178,1031,3956,0.934480522,0.463627546,0.542719919,33140.56286,1088.638062,4221.484672
179,6/27/2020,48316,49303,42919,1155,4221,0.935133624,0.458874459,0.529732291,35146.28147,1493.05926,5517.805443
180,6/28/2020,49501,49316,43880,1137,4460,0.931814038,0.482849604,0.53161435,36015.17935,1299.688693,5053.450533
181,6/29/2020,49237,48007,43904,1109,4194,0.93396957,0.445446348,0.532665713,32912.56113,943.568445,3627.966798
182,6/30/2020,49303,47382,43809,1255,4209,0.935195964,0.42310757,0.534093609,32559.23745,903.347348,3465.761788
183,7/1/2020,49247,46987,43559,1010,4651,0.934135311,0.488118812,0.534078693,35511.10941,1037.630243,3812.242779
184,7/2/2020,49812,46598,44108,1067,4609,0.931577038,0.482661668,0.534823172,35554.46087,1029.112316,3872.515609
185,7/3/2020,48435,47163,43004,1016,4391,0.933541066,0.467519685,0.522659986,36631.29281,1245.057045,4602.421562
186,7/4/2020,45814,48999,40810,952,4031,0.938152414,0.461134454,0.538824113,38637.01142,1649.478242,5898.742333
187,7/5/2020,49538,49347,43763,1120,4626,0.933254119,0.46875,0.549286641,39505.9093,1456.107676,5434.387423
188,7/6/2020,49746,48163,44067,1160,4488,0.936324234,0.473275862,0.552361854,36403.29107,1099.987428,4008.903688
189,7/7/2020,49574,47590,44053,1105,4387,0.937370894,0.452488688,0.556188739,36049.9674,1059.766331,3846.698678
190,7/8/2020,49579,47083,43981,1145,4424,0.938587117,0.488209607,0.577531646,35511.10941,1037.630243,3812.242779
191,7/9/2020,50711,46688,44783,1159,4735,0.935712212,0.491803279,0.567265048,35554.46087,1029.112316,3872.515609
192,7/10/2020,50788,47246,44787,1112,4860,0.936142184,0.459532374,0.542798354,36631.29281,1245.057045,4602.421562
193,7/11/2020,50720,49077,44461,1110,5130,0.936033827,0.498198198,0.569590643,38637.01142,1649.478242,5898.742333
194,7/12/2020,52174,49419,46074,1203,4870,0.933845553,0.49127182,0.544147844,39505.9093,1456.107676,5434.387423
195,7/13/2020,52049,48230,46087,1185,4749,0.936164211,0.465822785,0.574015582,36403.29107,1099.987428,4008.903688
196,7/14/2020,52426,47652,46416,1185,4794,0.938857291,0.490295359,0.568210263,36049.9674,1059.766331,3846.698678
197,7/15/2020,51809,47141,46155,1222,4402,0.939118189,0.482815057,0.570195366,35511.10941,1037.630243,3812.242779
198,7/16/2020,51825,46741,46247,1123,4424,0.940990767,0.448797863,0.566907776,35554.46087,1029.112316,3872.515609
199,7/17/2020,52381,47296,46321,1182,4844,0.940437383,0.45177665,0.54954583,36631.29281,1245.057045,4602.421562
200,7/18/2020,52059,49123,45986,1210,4843,0.943504545,0.476859504,0.543051827,38637.01142,1649.478242,5898.742333
201,7/19/2020,53580,49462,47206,1185,5156,0.938990806,0.467510549,0.543832428,39505.9093,1456.107676,5434.387423
202,7/20/2020,54581,48270,48045,1265,5233,0.940222708,0.438735178,0.565067839,36403.29107,1099.987428,4008.903688
203,7/21/2020,53860,47689,47806,1215,4801,0.940028448,0.43127572,0.55092689,36049.9674,1059.766331,3846.698678
204,7/22/2020,58027,47175,50328,1226,6428,0.937450326,0.497553018,0.544337274,35511.10941,1037.630243,3812.242779
205,7/23/2020,58961,46774,51711,1196,6021,0.929105993,0.484113712,0.511044677,35554.46087,1029.112316,3872.515609
206,7/24/2020,56292,47326,50281,1168,4806,0.935820688,0.503424658,0.546816479,36631.29281,1245.057045,4602.421562
207,7/25/2020,55456,49151,49580,1154,4697,0.935296491,0.487001733,0.560357675,38637.01142,1649.478242,5898.742333
208,7/26/2020,56848,49488,50934,1166,4723,0.929477363,0.486277873,0.527842473,39505.9093,1456.107676,5434.387423
209,7/27/2020,55397,48294,49890,1189,4291,0.93507717,0.47687132,0.562339781,36403.29107,1099.987428,4008.903688
210,7/28/2020,54320,47711,48941,1215,4125,0.93721011,0.459259259,0.548363636,36049.9674,1059.766331,3846.698678
211,7/29/2020,55253,47196,49840,1169,4207,0.932002408,0.4893071,0.545994771,35511.10941,1037.630243,3812.242779
212,7/30/2020,54521,46793,49161,1102,4227,0.929598666,0.453720508,0.525668323,35554.46087,1029.112316,3872.515609
213,7/31/2020,53738,47344,48252,1156,4293,0.931256735,0.465397924,0.536221756,36631.29281,1245.057045,4602.421562
214,8/1/2020,53580,48314,47906,1105,4540,0.931344717,0.463348416,0.52907489,33950.43449,1545.540287,5149.261233
215,8/2/2020,55102,48201,49199,1189,4680,0.927823736,0.463414634,0.542735043,34819.33237,1352.169721,4684.906323
216,8/3/2020,54695,46588,48932,1216,4512,0.931578517,0.471217105,0.517730496,31716.71415,996.0494727,3259.422589
217,8/4/2020,53683,45616,48373,1138,4135,0.92851384,0.48857645,0.528657799,31363.39047,955.8283758,3097.217578
218,8/5/2020,52142,44739,47047,1187,3871,0.92851829,0.50126369,0.526220615,30824.53248,933.6922881,3062.76168
219,8/6/2020,50003,43999,45306,1072,3585,0.931841257,0.486007463,0.535564854,30867.88395,925.1743605,3123.03451
220,8/7/2020,50424,44237,45424,1140,3806,0.933295174,0.483333333,0.529164477,31944.71589,1141.11909,3852.940462
221,8/8/2020,50457,45769,45111,1146,4169,0.932699342,0.519197208,0.535859918,33950.43449,1545.540287,5149.261233
222,8/9/2020,52152,45834,46509,1185,4435,0.926616354,0.494514768,0.538218715,34819.33237,1352.169721,4684.906323
223,8/10/2020,51341,44387,45838,1220,4230,0.931781491,0.490163934,0.534751773,31716.71415,996.0494727,3259.422589
224,8/11/2020,51064,43570,45496,1341,4169,0.930257605,0.509321402,0.549052531,31363.39047,955.8283758,3097.217578
225,8/12/2020,50557,42836,45215,1199,4101,0.935618711,0.524603837,0.553523531,30824.53248,933.6922881,3062.76168
226,8/13/2020,50519,42230,45112,1182,4167,0.930750133,0.504230118,0.545236381,30867.88395,925.1743605,3123.03451
227,8/14/2020,50732,42592,45243,1174,4269,0.927458391,0.503407155,0.553291169,31944.71589,1141.11909,3852.940462
228,8/15/2020,50946,44240,45127,1311,4463,0.9245906,0.508009153,0.537754873,33950.43449,1545.540287,5149.261233
229,8/16/2020,52374,44412,46388,1269,4687,0.923708718,0.509062254,0.525922765,34819.33237,1352.169721,4684.906323
230,8/17/2020,50036,43065,44801,1187,3986,0.930202451,0.48441449,0.533617662,31716.71415,996.0494727,3259.422589
231,8/18/2020,49431,42340,44323,1124,3945,0.932044311,0.493772242,0.523193916,31363.39047,955.8283758,3097.217578
232,8/19/2020,49749,41693,44452,1156,4092,0.9282372,0.466262976,0.5271261,30824.53248,933.6922881,3062.76168
233,8/20/2020,48078,41167,43224,1106,3688,0.930200814,0.465641953,0.527657267,30867.88395,925.1743605,3123.03451
234,8/21/2020,48159,41604,43129,1173,3830,0.929235549,0.467178176,0.523237598,31944.71589,1141.11909,3852.940462
235,8/22/2020,48405,43321,42912,1178,4265,0.926547353,0.455857385,0.520750293,33950.43449,1545.540287,5149.261233
236,8/23/2020,49229,43557,43773,1113,4306,0.92095584,0.462713387,0.511843939,34819.33237,1352.169721,4684.906323
237,8/24/2020,47431,42271,42293,1210,3877,0.927482089,0.452066116,0.533917978,31716.71415,996.0494727,3259.422589
238,8/25/2020,47694,41602,42479,1225,3938,0.927177725,0.480424144,0.503937008,31363.39047,955.8283758,3097.217578
239,8/26/2020,46437,41006,41454,1145,3799,0.935124445,0.482547993,0.52645433,30824.53248,933.6922881,3062.76168
240,8/27/2020,46257,40528,41307,1122,3765,0.932257128,0.436331256,0.525910178,30867.88395,925.1743605,3123.03451
241,8/28/2020,46310,41010,40997,1231,4032,0.933198381,0.476848091,0.528901017,31944.71589,1141.11909,3852.940462
242,8/29/2020,46536,42769,41084,1122,4307,0.930375742,0.451871658,0.529370792,33950.43449,1545.540287,5149.261233
243,8/30/2020,46013,43044,40819,1178,3986,0.93579757,0.444444444,0.535741159,34819.33237,1352.169721,4684.906323
244,8/31/2020,44834,41793,39978,1099,3740,0.938541198,0.439490446,0.556951872,31716.71415,996.0494727,3259.422589
245,9/1/2020,45682,40418,40496,1171,3976,0.940858356,0.489325363,0.571177062,25982.75876,503.4585012,2809.7766
246,9/2/2020,49944,39494,42719,1466,5731,0.92527915,0.482264666,0.481940325,25443.90077,481.3224135,2775.320701
247,9/3/2020,49425,38710,42671,1489,5226,0.926812121,0.448623237,0.48163031,25487.25224,472.804486,2835.593531
248,9/4/2020,48173,38908,42010,1373,4756,0.926469888,0.506190823,0.499369218,26564.08418,688.7492152,3565.499484
249,9/5/2020,48004,40402,41793,1310,4872,0.926949489,0.486259542,0.494252874,28569.80278,1093.170413,4861.820255
250,9/6/2020,48508,40432,42647,1304,4532,0.926442657,0.481595092,0.49580759,29438.70066,899.7998464,4397.465345
251,9/7/2020,49501,38953,43561,1309,4594,0.92077776,0.495034377,0.49042229,26336.08244,543.6795982,2971.98161
252,9/8/2020,48014,38105,42687,1253,4040,0.921381217,0.483639266,0.492326733,25982.75876,503.4585012,2809.7766
253,9/9/2020,46445,37343,41605,1214,3593,0.927244322,0.489291598,0.482048427,25443.90077,481.3224135,2775.320701
254,9/10/2020,45061,36711,40504,1143,3373,0.928155244,0.462817148,0.50222354,25487.25224,472.804486,2835.593531
255,9/11/2020,45313,37048,40267,1247,3765,0.925025455,0.492381716,0.480212483,26564.08418,688.7492152,3565.499484
256,9/12/2020,45573,38674,40207,1195,4148,0.921481334,0.436820084,0.486981678,28569.80278,1093.170413,4861.820255
257,9/13/2020,46128,38825,40657,1187,4269,0.916865484,0.444818871,0.477395175,29438.70066,899.7998464,4397.465345
258,9/14/2020,44005,37458,39363,1129,3488,0.926758631,0.472099203,0.501720183,26336.08244,543.6795982,2971.98161
259,9/15/2020,43373,36715,38952,1010,3384,0.928809817,0.475247525,0.515957447,25982.75876,503.4585012,2809.7766
260,9/16/2020,42525,36051,38064,1098,3330,0.932744851,0.484517304,0.491291291,25443.90077,481.3224135,2775.320701
261,9/17/2020,42094,35509,37431,1112,3519,0.932916566,0.48471223,0.500994601,25487.25224,472.804486,2835.593531
262,9/18/2020,41841,35931,37232,977,3604,0.93400838,0.446264074,0.515538291,26564.08418,688.7492152,3565.499484
263,9/19/2020,42880,37635,37522,1083,4258,0.927962262,0.447830102,0.498356036,28569.80278,1093.170413,4861.820255
264,9/20/2020,43019,37859,38033,969,3997,0.928483159,0.440660475,0.482862147,29438.70066,899.7998464,4397.465345
265,9/21/2020,43229,36560,38324,1023,3861,0.934479699,0.45943304,0.514633515,26336.08244,543.6795982,2971.98161
266,9/22/2020,43775,35880,38707,926,4114,0.93238949,0.453563715,0.496110841,25982.75876,503.4585012,2809.7766
267,9/23/2020,43308,35274,38326,1116,3839,0.932682774,0.489247312,0.510289138,25443.90077,481.3224135,2775.320701
268,9/24/2020,42599,34787,37937,940,3690,0.928117669,0.492553191,0.501897019,25487.25224,472.804486,2835.593531
269,9/25/2020,42185,35260,37277,1057,3818,0.931217641,0.441816462,0.5151912,26564.08418,688.7492152,3565.499484
270,9/26/2020,41995,37011,36780,1010,4189,0.929010332,0.442574257,0.506326092,28569.80278,1093.170413,4861.820255
271,9/27/2020,43012,37278,37820,1092,4082,0.92295082,0.42032967,0.485791279,29438.70066,899.7998464,4397.465345
272,9/28/2020,41768,36020,37057,1038,3645,0.933049087,0.447976879,0.500685871,26336.08244,543.6795982,2971.98161
273,9/29/2020,41491,35378,36844,1069,3548,0.933476278,0.493919551,0.511837655,25982.75876,503.4585012,2809.7766
274,9/30/2020,40221,34808,35960,939,3301,0.937235818,0.485623003,0.51620721,25443.90077,481.3224135,2775.320701
275,10/1/2020,41654,34076,36973,883,3772,0.934546831,0.456398641,0.535259809,23293.93425,378.3817514,2652.666041
276,10/2/2020,42678,34438,37363,1022,4264,1,1,1,24370.76619,594.3264805,3382.571994
277,10/3/2020,43548,36086,37740,1071,4717,1,1,1,26376.48479,998.7476783,4678.892764
278,10/4/2020,43948,36258,38509,1001,4419,1,1,1,27245.38268,805.3771118,4214.537855
279,10/5/2020,41483,34911,36884,1020,3551,1,1,1,24142.76445,449.2568636,2789.05412
280,10/6/2020,41006,34187,36570,924,3482,1,1,1,23789.44077,409.0357666,2626.849109
281,10/7/2020,40247,33539,35980,922,3313,1,1,1,23250.58278,386.8996789,2592.393211
282,10/8/2020,,33013,,,,,,,23293.93425,378.3817514,2652.666041
283,10/9/2020,,33450,,,,,,,24370.76619,594.3264805,3382.571994
284,10/10/2020,,35167,,,,,,,26376.48479,998.7476783,4678.892764
285,10/11/2020,,35404,,,,,,,27245.38268,805.3771118,4214.537855
286,10/12/2020,,34117,,,,,,,24142.76445,449.2568636,2789.05412
287,10/13/2020,,33448,,,,,,,23789.44077,409.0357666,2626.849109
288,10/14/2020,,32852,,,,,,,23250.58278,386.8996789,2592.393211
289,10/15/2020,,32374,,,,,,,23293.93425,378.3817514,2652.666041
290,10/16/2020,,32856,,,,,,,24370.76619,594.3264805,3382.571994
291,10/17/2020,,34615,,,,,,,26376.48479,998.7476783,4678.892764
292,10/18/2020,,34890,,,,,,,27245.38268,805.3771118,4214.537855
293,10/19/2020,,33639,,,,,,,24142.76445,449.2568636,2789.05412
294,10/20/2020,,33004,,,,,,,23789.44077,409.0357666,2626.849109
295,10/21/2020,,32439,,,,,,,23250.58278,386.8996789,2592.393211
296,10/22/2020,,31990,,,,,,,23293.93425,378.3817514,2652.666041
297,10/23/2020,,32499,,,,,,,24370.76619,594.3264805,3382.571994
298,10/24/2020,,34283,,,,,,,26376.48479,998.7476783,4678.892764
299,10/25/2020,,34582,,,,,,,27245.38268,805.3771118,4214.537855
300,10/26/2020,,33352,,,,,,,24142.76445,449.2568636,2789.05412
301,10/27/2020,,32737,,,,,,,23789.44077,409.0357666,2626.849109
302,10/28/2020,,32191,,,,,,,23250.58278,386.8996789,2592.393211
303,10/29/2020,,31760,,,,,,,23293.93425,378.3817514,2652.666041
304,10/30/2020,,32285,,,,,,,24370.76619,594.3264805,3382.571994
305,10/31/2020,,34084,,,,,,,26376.48479,998.7476783,4678.892764
306,11/1/2020,,34286,,,,,,,27235.08132,784.9193226,4124.241106
307,11/2/2020,,33012,,,,,,,24132.46309,428.7990744,2698.757371
308,11/3/2020,,32355,,,,,,,23779.13941,388.5779774,2536.55236
309,11/4/2020,,31770,,,,,,,23240.28142,366.4418897,2502.096462
310,11/5/2020,,31303,,,,,,,23283.63289,357.9239622,2562.369292
311,11/6/2020,,31794,,,,,,,24360.46483,573.8686913,3292.275245
312,11/7/2020,,33562,,,,,,,26366.18343,978.2898891,4588.596015
313,11/8/2020,,33846,,,,,,,27235.08132,784.9193226,4124.241106
314,11/9/2020,,32603,,,,,,,24132.46309,428.7990744,2698.757371
315,11/10/2020,,31975,,,,,,,23779.13941,388.5779774,2536.55236
316,11/11/2020,,31417,,,,,,,23240.28142,366.4418897,2502.096462
317,11/12/2020,,30974,,,,,,,23283.63289,357.9239622,2562.369292
318,11/13/2020,,31488,,,,,,,24360.46483,573.8686913,3292.275245
319,11/14/2020,,33278,,,,,,,26366.18343,978.2898891,4588.596015
320,11/15/2020,,33582,,,,,,,27235.08132,784.9193226,4124.241106
321,11/16/2020,,32357,,,,,,,24132.46309,428.7990744,2698.757371
322,11/17/2020,,31746,,,,,,,23779.13941,388.5779774,2536.55236
323,11/18/2020,,31204,,,,,,,23240.28142,366.4418897,2502.096462
324,11/19/2020,,30776,,,,,,,23283.63289,357.9239622,2562.369292
325,11/20/2020,,31305,,,,,,,24360.46483,573.8686913,3292.275245
326,11/21/2020,,33107,,,,,,,26366.18343,978.2898891,4588.596015
327,11/22/2020,,33423,,,,,,,27235.08132,784.9193226,4124.241106
328,11/23/2020,,32209,,,,,,,24132.46309,428.7990744,2698.757371
329,11/24/2020,,31609,,,,,,,23779.13941,388.5779774,2536.55236
330,11/25/2020,,31077,,,,,,,23240.28142,366.4418897,2502.096462
331,11/26/2020,,30658,,,,,,,23283.63289,357.9239622,2562.369292
332,11/27/2020,,31194,,,,,,,24360.46483,573.8686913,3292.275245
333,11/28/2020,,33004,,,,,,,26366.18343,978.2898891,4588.596015
334,11/29/2020,,33327,,,,,,,27235.08132,784.9193226,4124.241106
335,11/30/2020,,32121,,,,,,,24132.46309,428.7990744,2698.757371
336,12/1/2020,,32133,,,,,,,26547.23227,426.710401,3105.243436
337,12/2/2020,,31929,,,,,,,26008.37427,404.5743133,3070.787537
338,12/3/2020,,31815,,,,,,,26051.72574,396.0563858,3131.060367
339,12/4/2020,,32636,,,,,,,27128.55768,612.0011149,3860.96632
340,12/5/2020,,34710,,,,,,,29134.27628,1016.422313,5157.287091
341,12/6/2020,,35278,,,,,,,30003.17417,823.0517462,4692.932181
342,12/7/2020,,34299,,,,,,,26900.55594,466.931498,3267.448446
343,12/8/2020,,33917,,,,,,,26547.23227,426.710401,3105.243436
344,12/9/2020,,33588,,,,,,,26008.37427,404.5743133,3070.787537
345,12/10/2020,,33358,,,,,,,26051.72574,396.0563858,3131.060367
346,12/11/2020,,34070,,,,,,,27128.55768,612.0011149,3860.96632
347,12/12/2020,,36043,,,,,,,29134.27628,1016.422313,5157.287091
348,12/13/2020,,36518,,,,,,,30003.17417,823.0517462,4692.932181
349,12/14/2020,,35452,,,,,,,26900.55594,466.931498,3267.448446
350,12/15/2020,,34989,,,,,,,26547.23227,426.710401,3905.243436
351,12/16/2020,,34585,,,,,,,26008.37427,404.5743133,3870.787537
352,12/17/2020,,34285,,,,,,,26051.72574,396.0563858,3931.060367
353,12/18/2020,,34932,,,,,,,27128.55768,612.0011149,4660.96632
354,12/19/2020,,36844,,,,,,,29134.27628,1016.422313,5957.287091
355,12/20/2020,,37263,,,,,,,30003.17417,823.0517462,5492.932181
356,12/21/2020,,36145,,,,,,,26900.55594,466.931498,4067.448446
357,12/22/2020,,35633,,,,,,,26547.23227,426.710401,3905.243436
358,12/23/2020,,35184,,,,,,,26008.37427,404.5743133,3870.787537
359,12/24/2020,,34842,,,,,,,26051.72574,396.0563858,3931.060367
360,12/25/2020,,35450,,,,,,,27128.55768,612.0011149,4660.96632
361,12/26/2020,,37326,,,,,,,29134.27628,1016.422313,5957.287091
362,12/27/2020,,37711,,,,,,,30003.17417,823.0517462,5492.932181
363,12/28/2020,,36561,,,,,,,26900.55594,466.931498,4067.448446
364,12/29/2020,,36020,,,,,,,26547.23227,426.710401,3905.243436
365,12/30/2020,,35544,,,,,,,26008.37427,404.5743133,3870.787537
366,12/31/2020,,35176,,,,,,,26051.72574,396.0563858,3931.060367
